n_hid,inp_scaling,rho,leaky,regul,lag,bias_scaling,solver,washout,feedback_size,n_layers,NRMSE_mean,NRMSE_std
1024,0.8,0.9,0.1,0.05,1,,,200,64,2,0.0004701757163275,5.15939352019285e-05
1024,0.8,0.9,0.1,0.05,1,,,200,64,2,0.0005498243379406,9.528127744205644e-05
1024,0.8,0.9,0.1,0.05,1,,,200,64,2,0.00047315043048,0.0
1024,0.8,0.9,0.1,0.05,1,,,200,64,2,0.0005042654811404645,0.0
