n_hid,inp_scaling,rho,leaky,regul,lag,bias_scaling,solver,washout,feedback_size,NRMSE_mean,NRMSE_std
512,0.8,1.0,0.1,0.05,1,,,200,3,0.0024392784689553,0.0006033582030795
512,0.8,1.0,0.1,0.05,1,,,200,0,0.0021680383943021,7.058912888169289e-05
512,0.8,1.0,0.1,0.05,1,,,200,0,0.0061966865323483,0.0020493264310061
512,0.8,1.0,0.1,0.05,1,,,200,0,0.0014440215309150517,0.00024797074729576707
